NZ_CP049806.1@blaOXA-143_promoter_region@blaOXA-143:3403170-3403400	15	blaOXA-143_G-42A	blaOXA-143_G-42A	BETA-LACTAM	CARBAPENEM	Acinetobacter_baumannii_carbapenem_resistant_blaOXA-143_promoter
NZ_CP049806.1@blaOXA-143_promoter_region@blaOXA-143:3403170-3403400	43	blaOXA-143_A-14G	blaOXA-143_A-14G	BETA-LACTAM	CARBAPENEM	Acinetobacter_baumannii_carbapenem_resistant_blaOXA-143_promoter
NC_002163.1@23S_ribosomal_RNA@23S:396449-399360	2074	23S_A2074C	23S_A2074C	MACROLIDE	MACROLIDE	Campylobacter_macrolide_resistant_23S
NC_002163.1@23S_ribosomal_RNA@23S:396449-399360	2074	23S_A2074G	23S_A2074G	MACROLIDE	MACROLIDE	Campylobacter_macrolide_resistant_23S
NC_002163.1@23S_ribosomal_RNA@23S:396449-399360	2074	23S_A2074T	23S_A2074T	MACROLIDE	MACROLIDE	Campylobacter_macrolide_resistant_23S
NC_002163.1@23S_ribosomal_RNA@23S:396449-399360	2075	23S_A2075G	23S_A2075G	MACROLIDE	MACROLIDE	Campylobacter_macrolide_resistant_23S
NC_002163.1@23S_ribosomal_RNA@23S:396449-399360	2627	23S_C2627A	23S_C2627A	MACROLIDE	MACROLIDE	Campylobacter_macrolide_resistant_23S
NC_022347.1@23S_ribosomal_RNA@23S:1040292-1037381	2233	23S_A2074C	23S_A2074C	MACROLIDE	MACROLIDE	Campylobacter_macrolide_resistant_23S
NC_022347.1@23S_ribosomal_RNA@23S:1040292-1037381	2233	23S_A2074G	23S_A2074G	MACROLIDE	MACROLIDE	Campylobacter_macrolide_resistant_23S
NC_022347.1@23S_ribosomal_RNA@23S:1040292-1037381	2233	23S_A2074T	23S_A2074T	MACROLIDE	MACROLIDE	Campylobacter_macrolide_resistant_23S
NC_022347.1@23S_ribosomal_RNA@23S:1040292-1037381	2234	23S_A2075G	23S_A2075G	MACROLIDE	MACROLIDE	Campylobacter_macrolide_resistant_23S
NC_022347.1@23S_ribosomal_RNA@23S:1040292-1037381	2786	23S_C2627A	23S_C2627A	MACROLIDE	MACROLIDE	Campylobacter_macrolide_resistant_23S
NZ_CP022079.1@blaOXA-61_promoter_region@blaOXA-61:267177-268072	66	blaOXA-61_G-57T	blaOXA-61_G-57T	BETA-LACTAM	BETA-LACTAM	Campylobacter_beta-lactam_resistant_blaOXA-61_promoter
NZ_CP019870.1@23S_ribosomal_RNA@23S:4042221-4045120	658	23S_C658T	23S_C658T	LINCOSAMIDE/MACROLIDE	CLINDAMYCIN/ERYTHROMYCIN	Clostridioides_difficile_clindamycin/erythromycin_resistant_23S
NZ_CP037853.1@nimB_promoter_region@nimB:2640793-2641193	204	nimB_T-35G	PnimB_G	NITROIMIDAZOLE	METRONIDAZOLE	Clostridioides_difficile_metronidazole_resistant_nimB_promoter
NZ_CP041738.1@23S_ribosomal_RNA@23S:216195-219090	2505	23S_G2505A	23S_G2505A	OXAZOLIDINONE	LINEZOLID	Enterococcus_faecalis_linezolid_resistant_23S
NZ_CP041738.1@23S_ribosomal_RNA@23S:216195-219090	2576	23S_G2576T	23S_G2576T	OXAZOLIDINONE	LINEZOLID	Enterococcus_faecalis_linezolid_resistant_23S
NZ_CP041261.2@23S_ribosomal_RNA@23S:423530-426430	2505	23S_G2505A	23S_G2505A	OXAZOLIDINONE	LINEZOLID	Enterococcus_faecium_linezolid_resistant_23S
NZ_CP041261.2@23S_ribosomal_RNA@23S:423530-426430	2576	23S_G2576T	23S_G2576T	OXAZOLIDINONE	LINEZOLID	Enterococcus_faecium_linezolid_resistant_23S
NC_000913.3@16S_ribosomal_RNA@16S_rrsB:4166659-4168201	523	16S_A523C	16S_A523C	AMINOGLYCOSIDE	STREPTOMYCIN	Escherichia_streptomycin_resistant_16S_rrsB
NC_000913.3@16S_ribosomal_RNA@16S_rrsB:4166659-4168201	527	16S_G527T	16S_G527T	AMINOGLYCOSIDE	STREPTOMYCIN	Escherichia_streptomycin_resistant_16S_rrsB
NC_000913.3@16S_ribosomal_RNA@16S_rrsB:4166659-4168201	528	16S_C528T	16S_C528T	AMINOGLYCOSIDE	STREPTOMYCIN	Escherichia_streptomycin_resistant_16S_rrsB
NC_000913.3@16S_ribosomal_RNA@16S_rrsB:4166659-4168201	964	16S_A964G	16S_A964G	TETRACYCLINE	TETRACYCLINE	Escherichia_tetracycline_resistant_16S_rrsB
NC_000913.3@16S_ribosomal_RNA@16S_rrsB:4166659-4168201	1053	16S_G1053A	16S_G1053A	TETRACYCLINE	TETRACYCLINE	Escherichia_tetracycline_resistant_16S_rrsB
NC_000913.3@16S_ribosomal_RNA@16S_rrsB:4166659-4168201	1054	16S_C1054T	16S_C1054T	TETRACYCLINE	TETRACYCLINE	Escherichia_tetracycline_resistant_16S_rrsB
NC_000913.3@16S_ribosomal_RNA@16S_rrsB:4166659-4168201	1055	16S_A1055G	16S_A1055G	TETRACYCLINE	TETRACYCLINE	Escherichia_tetracycline_resistant_16S_rrsB
NC_000913.3@16S_ribosomal_RNA@16S_rrsB:4166659-4168201	1058	16S_G1058C	16S_G1058C	TETRACYCLINE	TETRACYCLINE	Escherichia_tetracycline_resistant_16S_rrsB
NC_000913.3@16S_ribosomal_RNA@16S_rrsB:4166659-4168201	1064	16S_G1064A	16S_G1064A	AMINOGLYCOSIDE	SPECTINOMYCIN	Escherichia_spectinomycin_resistant_16S_rrsB
NC_000913.3@16S_ribosomal_RNA@16S_rrsB:4166659-4168201	1064	16S_G1064C	16S_G1064C	AMINOGLYCOSIDE	SPECTINOMYCIN	Escherichia_spectinomycin_resistant_16S_rrsB
NC_000913.3@16S_ribosomal_RNA@16S_rrsB:4166659-4168201	1064	16S_G1064T	16S_G1064T	AMINOGLYCOSIDE	SPECTINOMYCIN	Escherichia_spectinomycin_resistant_16S_rrsB
NC_000913.3@16S_ribosomal_RNA@16S_rrsB:4166659-4168201	1066	16S_C1066T	16S_C1066T	AMINOGLYCOSIDE	SPECTINOMYCIN	Escherichia_spectinomycin_resistant_16S_rrsB
NC_000913.3@16S_ribosomal_RNA@16S_rrsB:4166659-4168201	1068	16S_G1068A	16S_G1068A	AMINOGLYCOSIDE	SPECTINOMYCIN	Escherichia_spectinomycin_resistant_16S_rrsB
NC_000913.3@16S_ribosomal_RNA@16S_rrsB:4166659-4168201	1192	16S_C1192A	16S_C1192A	AMINOGLYCOSIDE	SPECTINOMYCIN	Escherichia_spectinomycin_resistant_16S_rrsB
NC_000913.3@16S_ribosomal_RNA@16S_rrsB:4166659-4168201	1192	16S_C1192G	16S_C1192G	AMINOGLYCOSIDE	SPECTINOMYCIN	Escherichia_spectinomycin_resistant_16S_rrsB
NC_000913.3@16S_ribosomal_RNA@16S_rrsB:4166659-4168201	1192	16S_C1192T	16S_C1192T	AMINOGLYCOSIDE	SPECTINOMYCIN	Escherichia_spectinomycin_resistant_16S_rrsB
NC_000913.3@16S_ribosomal_RNA@16S_rrsB:4166659-4168201	1406	16S_T1406A	16S_T1406A	AMINOGLYCOSIDE	G418/TOBRAMYCIN	Escherichia_g418/tobramycin_resistant_16S_rrsB
NC_000913.3@16S_ribosomal_RNA@16S_rrsB:4166659-4168201	1408	16S_A1408G	16S_A1408G	AMINOGLYCOSIDE	GENTAMICIN_C/NEOMYCIN/PAROMOMYCIN	Escherichia_gentamicin_c/neomycin/paromomycin_resistant_16S_rrsB
NC_000913.3@16S_ribosomal_RNA@16S_rrsB:4166659-4168201	1499	16S_A1499G	16S_A1499G	EDEINE	EDEINE	Escherichia_edeine_resistant_16S_rrsB
NC_000913.3@16S_ribosomal_RNA@16S_rrsC:3941808-3943350	794	16S_A794G	16S_A794G	AMINOGLYCOSIDE	KASUGAMYCIN	Escherichia_kasugamycin_resistant_16S_rrsC
NC_000913.3@16S_ribosomal_RNA@16S_rrsC:3941808-3943350	794	16S_A794T	16S_A794T	AMINOGLYCOSIDE	KASUGAMYCIN	Escherichia_kasugamycin_resistant_16S_rrsC
NC_000913.3@16S_ribosomal_RNA@16S_rrsC:3941808-3943350	926	16S_G926A	16S_G926A	AMINOGLYCOSIDE	KASUGAMYCIN	Escherichia_kasugamycin_resistant_16S_rrsC
NC_000913.3@16S_ribosomal_RNA@16S_rrsC:3941808-3943350	926	16S_G926C	16S_G926C	AMINOGLYCOSIDE	KASUGAMYCIN	Escherichia_kasugamycin_resistant_16S_rrsC
NC_000913.3@16S_ribosomal_RNA@16S_rrsC:3941808-3943350	926	16S_G926T	16S_G926T	AMINOGLYCOSIDE	KASUGAMYCIN	Escherichia_kasugamycin_resistant_16S_rrsC
NC_000913.3@16S_ribosomal_RNA@16S_rrsC:3941808-3943350	1519	16S_A1519C	16S_A1519C	AMINOGLYCOSIDE	KASUGAMYCIN	Escherichia_kasugamycin_resistant_16S_rrsC
NC_000913.3@16S_ribosomal_RNA@16S_rrsC:3941808-3943350	1519	16S_A1519G	16S_A1519G	AMINOGLYCOSIDE	KASUGAMYCIN	Escherichia_kasugamycin_resistant_16S_rrsC
NC_000913.3@16S_ribosomal_RNA@16S_rrsC:3941808-3943350	1519	16S_A1519T	16S_A1519T	AMINOGLYCOSIDE	KASUGAMYCIN	Escherichia_kasugamycin_resistant_16S_rrsC
NC_004431.1@23S_ribosomal_RNA@23S:237160-240064	754	23S_T754A	23S_T754A	MACROLIDE	ERYTHROMYCIN/TELITHROMYCIN	Escherichia_erythromycin/telithromycin_resistant_23S
NC_004431.1@23S_ribosomal_RNA@23S:237160-240064	2032	23S_G2032A	23S_G2032A	LINCOSAMIDE/OXAZOLIDINONE	CLINDAMYCIN/LINEZOLID	Escherichia_clindamycin/linezolid_resistant_23S
NC_004431.1@23S_ribosomal_RNA@23S:237160-240064	2032	23S_G2032C	23S_G2032C	OXAZOLIDINONE	LINEZOLID	Escherichia_linezolid_resistant_23S
NC_004431.1@23S_ribosomal_RNA@23S:237160-240064	2032	23S_G2032T	23S_G2032T	MACROLIDE/OXAZOLIDINONE	CLARITHROMYCIN/LINEZOLID	Escherichia_clarithromycin/linezolid_resistant_23S
NC_004431.1@23S_ribosomal_RNA@23S:237160-240064	2057	23S_G2057A	23S_G2057A	MULTIDRUG	CHLORAMPHENICOL/ERYTHROMYCIN/TELITHROMYCIN	Escherichia_chloramphenicol/erythromycin/telithromycin_resistant_23S
NC_004431.1@23S_ribosomal_RNA@23S:237160-240064	2058	23S_A2058G	23S_A2058G	MACROLIDE	AZITHROMYCIN/ERYTHROMYCIN/TELITHROMYCIN	Escherichia_azithromycin/erythromycin/telithromycin_resistant_23S
NC_004431.1@23S_ribosomal_RNA@23S:237160-240064	2058	23S_A2058T	23S_A2058T	MACROLIDE	AZITHROMYCIN/ERYTHROMYCIN/TELITHROMYCIN	Escherichia_azithromycin/erythromycin/telithromycin_resistant_23S
NC_004431.1@23S_ribosomal_RNA@23S:237160-240064	2447	23S_G2447T	23S_G2447T	OXAZOLIDINONE	LINEZOLID	Escherichia_linezolid_resistant_23S
NC_004431.1@23S_ribosomal_RNA@23S:237160-240064	2609	23S_T2609C	23S_T2609C	MACROLIDE	TELITHROMYCIN	Escherichia_telithromycin_resistant_23S
NC_004431.1@23S_ribosomal_RNA@23S:237160-240064	2611	23S_C2611T	23S_C2611T	MACROLIDE	ERYTHROMYCIN/TELITHROMYCIN	Escherichia_erythromycin/telithromycin_resistant_23S
NZ_CP041538.1@ampC/blaEC_promoter_region@ampC:1149245-1149489	12	ampC_C-42A	ampC_C-42A	BETA-LACTAM	CEPHALOSPORIN	Escherichia_cephalosporin_resistant_ampC_promoter
NZ_CP041538.1@ampC/blaEC_promoter_region@ampC:1149245-1149489	12	ampC_C-42G	ampC_C-42G	BETA-LACTAM	CEPHALOSPORIN	Escherichia_cephalosporin_resistant_ampC_promoter
NZ_CP041538.1@ampC/blaEC_promoter_region@ampC:1149245-1149489	12	ampC_C-42T	ampC_C-42T	BETA-LACTAM	CEPHALOSPORIN	Escherichia_cephalosporin_resistant_ampC_promoter
NZ_CP041538.1@ampC/blaEC_promoter_region@ampC:1149245-1149489	22	ampC_T-32A	ampC_T-32A	BETA-LACTAM	CEPHALOSPORIN	Escherichia_cephalosporin_resistant_ampC_promoter
NZ_CP041538.1@ampC/blaEC_promoter_region@ampC:1149245-1149489	22	ampC_T-32C	ampC_T-32C	BETA-LACTAM	CEPHALOSPORIN	Escherichia_cephalosporin_resistant_ampC_promoter
NZ_CP041538.1@ampC/blaEC_promoter_region@ampC:1149245-1149489	22	ampC_T-32G	ampC_T-32G	BETA-LACTAM	CEPHALOSPORIN	Escherichia_cephalosporin_resistant_ampC_promoter
NZ_CP041538.1@ampC/blaEC_promoter_region@ampC:1149245-1149489	39	ampC_G-15GG	ampC_G-15GG	BETA-LACTAM	CEPHALOSPORIN	Escherichia_cephalosporin_resistant_ampC_promoter
NZ_CP041538.1@ampC/blaEC_promoter_region@ampC:1149245-1149489	40	ampC_T-14TGT	ampC_T-14TGT	BETA-LACTAM	CEPHALOSPORIN	Escherichia_cephalosporin_resistant_ampC_promoter
NZ_CP041538.1@ampC/blaEC_promoter_region@ampC:1149245-1149489	43	ampC_C-11T	ampC_C-11T	BETA-LACTAM	CEPHALOSPORIN	Escherichia_cephalosporin_resistant_ampC_promoter
NZ_CP095603.1@blaTEM_promoter_region@blaTEM:148777-149952	32	blaTEMp_C32T	blaTEMp_C32T	BETA-LACTAM	AMOXICILLIN-CLAVULANIC_ACID/PIPERACILLIN-TAZOBACTAM/TICARCILLIN-CLAVULANIC_ACID	Escherichia_amoxicillin-clavulanic_acid/piperacillin-tazobactam/ticarcillin-clavulanic_acid_resistant_blaTEM_promoter
NZ_CP095603.1@blaTEM_promoter_region@blaTEM:148777-149952	141	blaTEMp_C141G	blaTEMp_C141G	BETA-LACTAM	AMOXICILLIN-CLAVULANIC_ACID/PIPERACILLIN-TAZOBACTAM/TICARCILLIN-CLAVULANIC_ACID	Escherichia_amoxicillin-clavulanic_acid/piperacillin-tazobactam/ticarcillin-clavulanic_acid_resistant_blaTEM_promoter
NZ_CP095603.1@blaTEM_promoter_region@blaTEM:148777-149952	162	blaTEMp_G162T	blaTEMp_G162T	BETA-LACTAM	AMOXICILLIN-CLAVULANIC_ACID/PIPERACILLIN-TAZOBACTAM/TICARCILLIN-CLAVULANIC_ACID	Escherichia_amoxicillin-clavulanic_acid/piperacillin-tazobactam/ticarcillin-clavulanic_acid_resistant_blaTEM_promoter
NZ_CP026715.1@blaOXY_promoter_region@blaOXY:3359801-3359903	34	blaOXY_T-67C	blaOXY_T-67C	BETA-LACTAM	CEPHALOSPORIN	Klebsiella_oxytoca_cephalosporin_resistant_blaOXY_promoter
NZ_CP026715.1@blaOXY_promoter_region@blaOXY:3359801-3359903	43	blaOXY_T-58A	blaOXY_T-58A	BETA-LACTAM	CEPHALOSPORIN	Klebsiella_oxytoca_cephalosporin_resistant_blaOXY_promoter
NZ_CP026715.1@blaOXY_promoter_region@blaOXY:3359801-3359903	63	blaOXY_G-38T	blaOXY_G-38T	BETA-LACTAM	CEPHALOSPORIN	Klebsiella_oxytoca_cephalosporin_resistant_blaOXY_promoter
NZ_CP026715.1@blaOXY_promoter_region@blaOXY:3359801-3359903	67	blaOXY_G-34A	blaOXY_G-34A	BETA-LACTAM	CEPHALOSPORIN	Klebsiella_oxytoca_cephalosporin_resistant_blaOXY_promoter
NZ_CP054063.1@blaSHV_promoter_region@blaSHV:2645215-2645514	87	blaSHV_C-112A	blaSHV_C-112A	BETA-LACTAM	CEFIDEROCOL/CEPHALOSPORIN	Klebsiella_pneumoniae_cefiderocol/cephalosporin_resistant_blaSHV_promoter
NC_002946.2@23S_ribosomal_RNA@23S:1119158-1116249	2062	23S_A2062G	23S_A2059G	MACROLIDE	AZITHROMYCIN	Neisseria_gonorrhoeae_azithromycin_resistant_23S
NC_002946.2@23S_ribosomal_RNA@23S:1119158-1116249	2617	23S_C2617T	23S_C2611T	MACROLIDE	AZITHROMYCIN	Neisseria_gonorrhoeae_azithromycin_resistant_23S
NZ_AP019853.2@16S_ribosomal_RNA@16S:1155759-1157299	1191	16S_C1191T	16S_C1191T	AMINOGLYCOSIDE	SPECTINOMYCIN	Neisseria_gonorrhoeae_spectinomycin_resistant_16S
NZ_AP023073.1@efflux_pump_MacAB_promoter_region@macAB:147313-147537	178	macAB_G-48T	macAB_G-48T	MACROLIDE	AZITHROMYCIN	Neisseria_gonorrhoeae_azithromycin_resistant_macAB_promoter
NZ_AP023073.1@sodium-coupled_multidrug_efflux_MATE_transporter_NorM_promoter_region@norM:1198657-1198990	231	norM_C-104T	norM_C-104T	QUINOLONE	QUINOLONE	Neisseria_gonorrhoeae_quinolone_resistant_norM_promoter
NZ_AP023073.1@sodium-coupled_multidrug_efflux_MATE_transporter_NorM_promoter_region@norM:1198657-1198990	328	norM_A-7G	norM_A-7G	QUINOLONE	QUINOLONE	Neisseria_gonorrhoeae_quinolone_resistant_norM_promoter
NZ_CP012026.1@multidrug_efflux_RND_transporter_periplasmic_adaptor_subunit_MtrC_promoter_region@mtrC:1110850-1110550	81	mtrC_C-120T	mtrC_C-120T	BETA-LACTAM/MACROLIDE/TETRACYCLINE	AZITHROMYCIN/BETA-LACTAM/TETRACYCLINE	Neisseria_gonorrhoeae_azithromycin/beta-lactam/tetracycline_resistant_mtrC_promoter
NZ_CP043871.1@multidrug_efflux_system_transcriptional_repressor_MtrR_promoter_region@mtrR:1392766-1393015	120	mtrR_G-131A	mtrR_G-131A	BETA-LACTAM/MACROLIDE/TETRACYCLINE	AZITHROMYCIN/BETA-LACTAM/TETRACYCLINE	Neisseria_gonorrhoeae_azithromycin/beta-lactam/tetracycline_resistant_mtrR_promoter
NZ_CP043871.1@multidrug_efflux_system_transcriptional_repressor_MtrR_promoter_region@mtrR:1392766-1393015	195	mtrR_A-56C	mtrR_A-56C	BETA-LACTAM/TETRACYCLINE	BETA-LACTAM/TETRACYCLINE	Neisseria_gonorrhoeae_beta-lactam/tetracycline_resistant_mtrR_promoter
NZ_CP043871.1@multidrug_efflux_system_transcriptional_repressor_MtrR_promoter_region@mtrR:1392766-1393015	198	mtrR_A-53del	mtrR_A-53del	BETA-LACTAM/MACROLIDE/TETRACYCLINE	AZITHROMYCIN/BETA-LACTAM/TETRACYCLINE	Neisseria_gonorrhoeae_azithromycin/beta-lactam/tetracycline_resistant_mtrR_promoter
NC_003197.2@16S_ribosomal_RNA@16S_rrsD:3570470-3572005	1065	16S_C1065T	16S_C1065T	AMINOGLYCOSIDE	SPECTINOMYCIN	Salmonella_spectinomycin_resistant_16S_rrsD
NC_003197.2@16S_ribosomal_RNA@16S_rrsD:3570470-3572005	1192	16S_C1192T	16S_C1192T	AMINOGLYCOSIDE	SPECTINOMYCIN	Salmonella_spectinomycin_resistant_16S_rrsD
NZ_CP009828.1@23S_ribosomal_RNA@23S:497114-500039	2220	23S_C2220T	23S_C2220T	OXAZOLIDINONE	LINEZOLID	Staphylococcus_aureus_linezolid_resistant_23S
NZ_CP009828.1@23S_ribosomal_RNA@23S:497114-500039	2475	23S_G2475T	23S_G2475T	OXAZOLIDINONE	LINEZOLID	Staphylococcus_aureus_linezolid_resistant_23S
NZ_CP009828.1@23S_ribosomal_RNA@23S:497114-500039	2501	23S_T2501A	23S_T2501A	OXAZOLIDINONE	LINEZOLID	Staphylococcus_aureus_linezolid_resistant_23S
NZ_CP009828.1@23S_ribosomal_RNA@23S:497114-500039	2528	23S_T2528A	23S_T2528A	OXAZOLIDINONE	LINEZOLID	Staphylococcus_aureus_linezolid_resistant_23S
NZ_CP009828.1@23S_ribosomal_RNA@23S:497114-500039	2531	23S_A2531G	23S_A2531G	OXAZOLIDINONE	LINEZOLID	Staphylococcus_aureus_linezolid_resistant_23S
NZ_CP009828.1@23S_ribosomal_RNA@23S:497114-500039	2532	23S_T2532C	23S_T2532C	OXAZOLIDINONE	LINEZOLID	Staphylococcus_aureus_linezolid_resistant_23S
NZ_CP009828.1@23S_ribosomal_RNA@23S:497114-500039	2533	23S_G2533A	23S_G2533A	OXAZOLIDINONE	LINEZOLID	Staphylococcus_aureus_linezolid_resistant_23S
NZ_CP009828.1@23S_ribosomal_RNA@23S:497114-500039	2577	23S_G2577T	23S_G2577T	OXAZOLIDINONE	LINEZOLID	Staphylococcus_aureus_linezolid_resistant_23S
NZ_CP009828.1@23S_ribosomal_RNA@23S:497114-500039	2579	23S_C2579T	23S_C2579T	OXAZOLIDINONE	LINEZOLID	Staphylococcus_aureus_linezolid_resistant_23S
NZ_CP009828.1@23S_ribosomal_RNA@23S:497114-500039	2604	23S_G2604T	23S_G2604T	OXAZOLIDINONE	LINEZOLID	Staphylococcus_aureus_linezolid_resistant_23S
NZ_CP009828.1@23S_ribosomal_RNA@23S:497114-500039	2794	23S_G2794T	23S_G2794T	OXAZOLIDINONE	LINEZOLID	Staphylococcus_aureus_linezolid_resistant_23S
NZ_RIXR01000001.1@D-alanyl-D-alanine_carboxypeptidase_PBP4_promoter_region@pbp4:740020-740320	36	pbp4_T-266A	pbp4_T-266A	BETA-LACTAM	CEPHALOSPORIN	Staphylococcus_aureus_cephalosporin_resistant_pbp4_promoter
NZ_CP018347.1@23S_ribosomal_RNA@23S:32347-35250	2114	23S_A2114G	23S_A2114G	MACROLIDE	MACROLIDE	Streptococcus_pneumoniae_macrolide_resistant_23S
NZ_CP018347.1@23S_ribosomal_RNA@23S:32347-35250	2115	23S_A2115G	23S_A2115G	MACROLIDE	MACROLIDE	Streptococcus_pneumoniae_macrolide_resistant_23S
NZ_CP018347.1@23S_ribosomal_RNA@23S:32347-35250	2118	23S_A2118G	23S_A2118G	MACROLIDE/STREPTOGRAMIN	MACROLIDE/STREPTOGRAMIN	Streptococcus_pneumoniae_macrolide/streptogramin_resistant_23S
NZ_CP018347.1@23S_ribosomal_RNA@23S:32347-35250	2630	23S_C2630A	23S_C2630A	MACROLIDE	MACROLIDE	Streptococcus_pneumoniae_macrolide_resistant_23S
NZ_CP018347.1@23S_ribosomal_RNA@23S:32347-35250	2630	23S_C2630G	23S_C2630G	MACROLIDE	MACROLIDE	Streptococcus_pneumoniae_macrolide_resistant_23S
